Supplementary Table 1,cg11033271,cg06777844,cg26999775,cg19480385,cg17971290,cg03909356,cg02251393,cg19115610,cg03922345,cg07706515,cg06413196,cg04596544,cg05679609,cg10816626,cg08173915,cg00301660,cg05863683,cg23146346,cg10113582,cg10611331,cg12565585,cg24437293,cg23005885,cg16953816,cg26939946,cg15613991,cg08233811,cg16085649,cg02951739,cg08326879,cg18762674,cg07237979,cg22259126,cg25403635,cg02214470,cg03082523,cg18193764,cg10959440,cg00041084,cg16660971,cg14511782,cg12925355,cg13490403,cg24453580,cg08957069,cg25539045,cg06644428,cg02227036
WNT_ICGC_MB14,0.1318554,0.6221075,0.3980337,0.1137058,0.4876337,0.1299402,0.1155433,0.5088379,0.9136913,0.9620835,0.980273,0.8831422,0.8710282,0.6662807,0.8251545,0.6803138,0.7946745,0.7747315,0.9615993,0.5018856,0.170042,0.8227179,0.2428876,0.503348,0.8903701,0.7882457,0.2555769,0.6465423,0.7585916,0.8221807,0.7359446,0.8525722,0.8763794,0.65394,0.2545888,0.5555109,0.04162261,0.2804148,0.1042736,0.8939091,0.6092459,0.9816459,0.9206613,0.9149778,0.8994694,0.9157852,0.8643542,0.2080406
WNT_ICGC_MB46,0.0553355,0.8758768,0.2587468,0.495546,0.1833003,0.1444493,0.1495903,0.6997944,0.7955202,0.9623296,0.9605561,0.8626083,0.9075237,0.7415488,0.8149764,0.7842723,0.8566447,0.6462402,0.2617115,0.2904281,0.0457461,0.2112762,0.08737526,0.1117395,0.1115644,0.04202345,0.07232666,0.1377346,0.8740756,0.8514963,0.736936,0.8841618,0.9110691,0.8532138,0.7524724,0.8530831,0.02776176,0.151354,0.07895131,0.8902079,0.9042555,0.9716178,0.5907348,0.7593255,0.8709962,0.826809,0.8016747,0.2185971
WNT_ICGC_MB107,0.04122996,0.7053165,0.2814989,0.08218799,0.08758464,0.09763466,0.1211512,0.7013901,0.7850342,0.8052024,0.9812247,0.6048523,0.7955305,0.6953366,0.8354586,0.7999808,0.8193626,0.5914133,0.2180695,0.3240486,0.04490755,0.1836323,0.05369643,0.1916294,0.04085736,0.03908148,0.04428523,0.06741457,0.7984183,0.8305636,0.7408558,0.8639014,0.8980722,0.7998758,0.7822227,0.8477024,0.01802437,0.1326747,0.05870942,0.8383542,0.8933813,0.9814318,0.9459929,0.9424353,0.9270312,0.814197,0.9094014,0.0834543
WNT_ICGC_MB112,0.05280204,0.8124514,0.2009297,0.09574264,0.1017469,0.0945233,0.09683263,0.6897927,0.6401149,0.9316749,0.9704312,0.8682118,0.8753149,0.5432558,0.773315,0.4492962,0.7412695,0.7574409,0.1260038,0.2433555,0.03971319,0.1148025,0.07341855,0.02575641,0.08858779,0.0236378,0.0496573,0.06512468,0.8662397,0.8481179,0.6784741,0.7679977,0.8443361,0.8161808,0.8112432,0.632214,0.01931891,0.1421199,0.07184333,0.9208023,0.7911065,0.9856599,0.926475,0.9285118,0.902666,0.9141804,0.8682029,0.1061634
WNT_ICGC_MB113,0.03728258,0.8648221,0.362757,0.0590054,0.08429179,0.08835047,0.1520416,0.7746381,0.3922346,0.9487061,0.9811819,0.8275811,0.8866494,0.6543428,0.841593,0.7232908,0.8385032,0.7302682,0.1963278,0.08091948,0.05428036,0.09398079,0.09360272,0.01823224,0.03269763,0.01840014,0.04374468,0.06785525,0.8852382,0.8543131,0.7149727,0.8568514,0.8991212,0.88388,0.8459238,0.8354852,0.01709527,0.08850151,0.06330065,0.8819976,0.3274514,0.981748,0.9763099,0.9725745,0.926008,0.8674785,0.9523268,0.04458265
WNT_ICGC_MB117,0.07754865,0.7571642,0.2097029,0.1465098,0.1506001,0.1268231,0.1044786,0.6479582,0.6776205,0.9298383,0.9446695,0.8532742,0.830102,0.6829458,0.8314,0.5880497,0.8737101,0.6211358,0.2365164,0.167285,0.07119333,0.1782099,0.1233452,0.1162556,0.1343375,0.04379167,0.0775504,0.1189822,0.8558382,0.8282612,0.8221048,0.7756065,0.8108366,0.8192824,0.7888851,0.7356997,0.0227243,0.2400812,0.08168454,0.8798462,0.8352479,0.9674007,0.8723518,0.882759,0.8740615,0.888365,0.8349027,0.1526006
WNT_ICGC_MB122,0.05297969,0.6954376,0.163887,0.3688323,0.1155138,0.1162507,0.09218238,0.6050119,0.8705739,0.9602289,0.9760651,0.881116,0.8959758,0.5373392,0.8135738,0.4346192,0.8195875,0.4141143,0.2239457,0.5208665,0.05476958,0.199872,0.06491686,0.4963726,0.08869122,0.04223018,0.07381754,0.1035704,0.8392899,0.8400483,0.7621272,0.5883621,0.6404706,0.7784867,0.5854425,0.5334635,0.02668163,0.3677816,0.08720823,0.8736478,0.9179869,0.975463,0.940286,0.9438063,0.92088,0.9259111,0.876135,0.1053464
WNT_ICGC_MB124,0.06276426,0.7193921,0.1838619,0.2284531,0.1604479,0.1333655,0.15419,0.6833206,0.7017869,0.9108368,0.967705,0.8574488,0.8938532,0.5882872,0.7918451,0.7438404,0.8013823,0.6968101,0.2660366,0.2450517,0.06246353,0.1926915,0.09797844,0.2346433,0.1217437,0.06244492,0.08430132,0.1297819,0.8770745,0.8534749,0.7500725,0.8491014,0.8900086,0.8388315,0.5694234,0.6457518,0.03182214,0.2310837,0.0818997,0.8562197,0.7758604,0.9733495,0.8783878,0.899453,0.8945987,0.9203156,0.8139222,0.1650953
WNT_ICGC_MB130,0.07629952,0.7782409,0.2539753,0.184275,0.1294749,0.09626913,0.2046072,0.759854,0.5269033,0.6852462,0.9602335,0.7743912,0.8956553,0.8049587,0.8283631,0.8108032,0.8044585,0.8026953,0.2096325,0.1817096,0.07210477,0.1333833,0.08702489,0.07935732,0.05407692,0.04049444,0.05925477,0.09622908,0.8884124,0.8666792,0.8857606,0.869435,0.8907197,0.8883155,0.8994677,0.3630651,0.02081313,0.1109267,0.09651108,0.9022926,0.8928599,0.973489,0.9219097,0.931092,0.9267817,0.9085043,0.8933303,0.1131403
WNT_1M4,0.02366018,0.8423382,0.2239943,0.1583787,0.09060167,0.108363,0.1491636,0.6187872,0.6299386,0.9586558,0.9641356,0.839514,0.8584939,0.6332355,0.8502904,0.4988426,0.7971543,0.5816919,0.2363473,0.094872,0.05777664,0.1426525,0.06264677,0.1971738,0.08521311,0.03433012,0.06036204,0.1306213,0.8374765,0.8574514,0.8078722,0.8125578,0.8141088,0.8498251,0.8650411,0.8775889,0.07531895,0.1932674,0.07574612,0.8769056,0.3824694,0.9717093,0.9136079,0.9220127,0.9028473,0.9170659,0.8710071,0.1555941
WNT_1M13,0.04526609,0.6983686,0.2980777,0.2889931,0.187131,0.1232228,0.06828171,0.5994557,0.8667123,0.955999,0.9765153,0.8341518,0.8749257,0.6815059,0.5848253,0.4850275,0.8105557,0.639383,0.4162859,0.4627278,0.05932258,0.3289479,0.0555228,0.1876671,0.08079197,0.2021039,0.05722803,0.3691578,0.8171875,0.8672622,0.7203025,0.8361188,0.8449816,0.7896593,0.7149411,0.7081018,0.02157127,0.1550693,0.06394495,0.8688084,0.8725209,0.9706106,0.9512032,0.9584805,0.9048992,0.9179288,0.9309991,0.1269409
WNT_1M14,0.04045598,0.8118862,0.2128793,0.1440966,0.09284511,0.0951122,0.1413871,0.7237501,0.8431896,0.9593675,0.9647053,0.8940001,0.850421,0.6570839,0.7519861,0.7349828,0.8237143,0.7735499,0.35827402,0.5637701,0.07183041,0.4918174,0.363066,0.349733,0.4055731,0.2838185,0.05081038,0.4897574,0.8186703,0.8338665,0.5299293,0.8625013,0.7563317,0.6803954,0.3699628,0.6503604,0.04478002,0.2692101,0.07586022,0.9050074,0.8646997,0.9802856,0.9147891,0.9391071,0.90061,0.9262973,0.8954349,0.1787224
WNT_1M15,0.05433168,0.8325039,0.1605683,0.3547717,0.08687019,0.0890514,0.1237203,0.6250867,0.7324098,0.941768,0.9613887,0.8236628,0.8677145,0.533488,0.86823,0.4244798,0.8392061,0.5899089,0.1878521,0.1110264,0.05456107,0.1221862,0.03950377,0.03202233,0.05841959,0.03801892,0.05820589,0.08016537,0.8796468,0.8590275,0.8241878,0.8506224,0.8922185,0.8551626,0.9037646,0.8559651,0.02432061,0.1445758,0.07615477,0.4832149,0.3709545,0.9748523,0.9418529,0.8981226,0.9169854,0.8932714,0.9179527,0.09632874
WNT_1M16,0.04287898,0.7735761,0.1882243,0.1493174,0.09614826,0.08151828,0.1164145,0.6155091,0.8877136,0.9690566,0.9670671,0.8497691,0.7425187,0.6593389,0.7725692,0.682442,0.7783688,0.2607553,0.2949985,0.5878846,0.04653136,0.1547102,0.05339773,0.1437767,0.1368001,0.02602719,0.05440013,0.1284666,0.8215929,0.8378271,0.8218928,0.6169879,0.8033859,0.8194454,0.7556698,0.5343582,0.01893446,0.269206,0.07666177,0.8514542,0.8982408,0.9752657,0.9581661,0.9560876,0.9127942,0.9383483,0.9290332,0.1428464
WNT_1M22,0.0395774,0.7704127,0.1206578,0.05855541,0.1113729,0.07764336,0.1059504,0.7525547,0.5496539,0.7610747,0.9590394,0.8240039,0.8713007,0.547594,0.6509315,0.4540339,0.8390265,0.6696937,0.0512585,0.1009182,0.01638355,0.09178796,0.02871149,0.02228894,0.09457085,0.04440423,0.05982021,0.06380396,0.8703835,0.8616074,0.4013198,0.8856091,0.8240165,0.6509059,0.2423296,0.6401164,0.01731741,0.0866024,0.06381301,0.8570415,0.9126605,0.9643148,0.9744511,0.9773047,0.9512994,0.8135867,0.7294199,0.04362553
WNT_4M8,0.02197535,0.8108611,0.1983449,0.18436,0.0767357,0.1011066,0.1157574,0.624725,0.8412058,0.9611899,0.9688373,0.8703961,0.7184706,0.6440116,0.8713152,0.6311018,0.8708438,0.5640293,0.2288963,0.4181657,0.04210109,0.2962744,0.03249532,0.2465548,0.09944805,0.03422944,0.06177431,0.1485206,0.8614832,0.8668092,0.8413233,0.871242,0.8472102,0.8112221,0.5979924,0.8501844,0.02533324,0.3114008,0.06267209,0.8694282,0.9149456,0.9864872,0.9612747,0.9528167,0.9314201,0.9570395,0.9207392,0.1050048
WNT_4M28,0.04179506,0.859376,0.20102,0.09703711,0.1229421,0.1634767,0.1255137,0.5796986,0.8072135,0.930131,0.9523896,0.9084548,0.8924595,0.725039,0.8173506,0.687718,0.8484764,0.6789083,0.4746805,0.6641101,0.0419576,0.6835299,0.06082224,0.5482716,0.1268842,0.1494854,0.05513135,0.7700177,0.7731993,0.8148279,0.5756261,0.8540334,0.7355124,0.6595849,0.3085192,0.5789124,0.04284061,0.1380097,0.08030553,0.8817136,0.8535188,0.97486,0.926338,0.9283116,0.8927044,0.8964821,0.885803,0.1244721
WNT_5M7,0.03194562,0.5438228,0.1434065,0.3297049,0.09619337,0.0771246,0.07988933,0.5699045,0.6922568,0.787825,0.9551684,0.5549355,0.8762952,0.4004314,0.884813,0.5908756,0.7124849,0.561285,0.1119121,0.07615893,0.04128403,0.09934308,0.03780653,0.02673996,0.08289662,0.03101692,0.04976515,0.07311045,0.7931823,0.8315101,0.7939901,0.8059803,0.7822378,0.7880111,0.5721498,0.876129,0.03075446,0.05836107,0.08528209,0.4613253,0.4856676,0.9329455,0.9591248,0.7523609,0.9482055,0.9405544,0.8933671,0.1007603
SHH_ICGC_MB1,0.0419341,0.3151106,0.2624124,0.5906993,0.1543521,0.1108959,0.1040396,0.06153207,0.9135377,0.92301,0.9771425,0.7969069,0.9070177,0.826079,0.8645145,0.8770804,0.7422165,0.7355694,0.4030997,0.08587816,0.03158931,0.1106286,0.1071137,0.05056104,0.07705738,0.09362708,0.09586451,0.0632647,0.8833224,0.8729686,0.9130561,0.8918449,0.9228419,0.9158887,0.9428237,0.863045,0.8675055,0.882194,0.5673027,0.1217366,0.08006167,0.07111583,0.03475177,0.02164562,0.04974093,0.01497733,0.03618186,0.9379836
SHH_ICGC_MB3,0.05902829,0.1125913,0.1033725,0.4019291,0.1527989,0.1606935,0.1040701,0.2126859,0.9264855,0.5034959,0.9770237,0.6977626,0.8816093,0.7808809,0.7386318,0.8269067,0.5086822,0.7314134,0.2509938,0.1106087,0.03534035,0.1413645,0.1048011,0.03676279,0.08664975,0.03134654,0.07295175,0.08632228,0.8216851,0.8610591,0.9361875,0.8766876,0.9394369,0.9200875,0.9198572,0.872612,0.8738831,0.8695547,0.8947179,0.1201854,0.1273748,0.1150584,0.02192542,0.01684133,0.08306861,0.02041218,0.0102724,0.955804
SHH_ICGC_MB21,0.0336178,0.1909688,0.1446033,0.2623892,0.125552,0.1137199,0.1102472,0.1070895,0.8920915,0.9349453,0.9633992,0.8929521,0.9107082,0.8185725,0.7321818,0.8807482,0.612506,0.6895801,0.6194326,0.2924549,0.04409748,0.1589302,0.09910723,0.06805225,0.09834303,0.08645113,0.05587501,0.1066015,0.8430741,0.8159977,0.9047612,0.837847,0.8270614,0.8618717,0.9144528,0.1899158,0.8741339,0.8257031,0.9048437,0.1262479,0.1901496,0.1297379,0.02855569,0.01295392,0.08210931,0.03377696,0.03700276,0.9348667
SHH_ICGC_MB28,0.03665073,0.2008238,0.3112288,0.2555856,0.1054837,0.2554328,0.1367739,0.06828968,0.925945,0.8340701,0.9400895,0.8380201,0.8355749,0.7581174,0.864465,0.4370524,0.5346853,0.6480796,0.3642422,0.09118076,0.03308489,0.09782321,0.09950571,0.02977664,0.1113137,0.0239614,0.04780385,0.08166261,0.7982851,0.8504891,0.8868668,0.8858904,0.8761855,0.9069731,0.9189472,0.8014142,0.8736948,0.7196488,0.2863274,0.1271311,0.08979694,0.06978093,0.03535824,0.01448764,0.08403546,0.02487703,0.01736346,0.9413695
SHH_ICGC_MB34,0.1012974,0.140061,0.1300164,0.4096437,0.1383153,0.1002881,0.1858648,0.1799696,0.9311737,0.9164361,0.9625878,0.8060833,0.9334781,0.7188639,0.8856711,0.912077,0.6677197,0.845308,0.3134299,0.4083889,0.04023093,0.1041602,0.177558,0.03477751,0.1114836,0.06752473,0.06121807,0.08839919,0.8698809,0.8384767,0.9021764,0.9023471,0.8351868,0.9327689,0.9480689,0.3115872,0.9405509,0.9163438,0.9179093,0.09377216,0.09991813,0.07017995,0.03280115,0.02177444,0.04418236,0.02782252,0.02633725,0.9379087
SHH_ICGC_MB35,0.03568615,0.1352402,0.1444679,0.4166508,0.186239,0.1492351,0.09253718,0.1293813,0.9454072,0.9446208,0.9583653,0.8999447,0.9027902,0.809223,0.8939244,0.8540573,0.6321378,0.794521,0.6074087,0.2093204,0.03768117,0.1807079,0.0916931,0.06255873,0.1194307,0.02962509,0.0533533,0.1198245,0.8335804,0.8504277,0.9285111,0.8840188,0.8785049,0.9091907,0.9135789,0.7685358,0.8536877,0.9079835,0.8933341,0.1113392,0.1505909,0.1233859,0.0437944,0.01859245,0.05165239,0.02622364,0.0247499,0.9566667
SHH_ICGC_MB37,0.03026767,0.1596504,0.1867398,0.2383191,0.1415881,0.124285,0.1143475,0.2016808,0.9050487,0.9213412,0.977497,0.8479076,0.864987,0.7035224,0.7262062,0.7702858,0.7871454,0.7130595,0.3199025,0.1168705,0.02832022,0.1673283,0.153926,0.07281513,0.1178144,0.03239861,0.05570193,0.1157215,0.7456509,0.8451645,0.9052263,0.8688898,0.8445016,0.8638737,0.9014938,0.4286308,0.8385639,0.7955852,0.582679,0.1332949,0.1449501,0.1550519,0.02713979,0.02133486,0.05516506,0.02707786,0.01734387,0.9149697
SHH_ICGC_MB88,0.04586083,0.2274781,0.2295542,0.1373659,0.2022177,0.1495393,0.1645405,0.2661389,0.909987,0.9643005,0.966944,0.8237856,0.8719589,0.7076955,0.5145351,0.8245943,0.7746526,0.7011629,0.3579846,0.5178862,0.05310598,0.2505705,0.09453428,0.4295496,0.1265199,0.04244087,0.06508361,0.1188298,0.8269787,0.853307,0.9261779,0.8645766,0.6684864,0.8646757,0.8962085,0.2785582,0.8391665,0.8172057,0.8680516,0.1896619,0.1447031,0.1741424,0.0642988,0.01684369,0.03542963,0.01768871,0.019083,0.9547859
SHH_ICGC_MB132,0.05351837,0.09427772,0.1081948,0.1795148,0.1089649,0.1260184,0.09333397,0.09883887,0.8991455,0.6817904,0.9443535,0.8324792,0.8348311,0.7780162,0.3212362,0.7809285,0.5574279,0.7564707,0.2787924,0.1095665,0.07311317,0.09818015,0.1406005,0.02558958,0.1012916,0.03314076,0.06728788,0.09628323,0.7980181,0.8656925,0.8240309,0.8655742,0.8971046,0.8312997,0.9188125,0.8003976,0.9120672,0.866442,0.8779023,0.07305866,0.06329234,0.09494842,0.04392853,0.01998784,0.07128795,0.02423394,0.01938642,0.9375275
SHH_ICGC_MB137,0.0474181,0.3795519,0.09008366,0.4106189,0.233427,0.1035519,0.1532274,0.1561053,0.921545,0.8491291,0.9552879,0.8491884,0.8840947,0.3392192,0.7814824,0.8693776,0.661836,0.8222275,0.492031,0.2748271,0.08573181,0.2252301,0.6554255,0.09039609,0.08944119,0.1131027,0.07638718,0.08347848,0.637562,0.8359091,0.8948804,0.8249837,0.6419968,0.8694692,0.911033,0.4348624,0.9373142,0.8351697,0.9118419,0.1016164,0.1367225,0.06005784,0.05095966,0.03385701,0.07302885,0.4953702,0.03915594,0.9003277
SHH_ICGC_MB142,0.05281901,0.300355,0.1506193,0.1434723,0.1035448,0.2200671,0.1130863,0.06587867,0.9228325,0.8168142,0.9476418,0.8724592,0.8253272,0.787066,0.8047463,0.667821,0.6468596,0.7106491,0.2674149,0.1040604,0.07977489,0.1354986,0.2693519,0.06836697,0.1118653,0.03611604,0.054664,0.09716085,0.7721316,0.8354846,0.8808865,0.8526286,0.913992,0.8706293,0.8881806,0.7044852,0.8750733,0.841585,0.5405414,0.137063,0.1018196,0.1024267,0.02617918,0.009049287,0.07949115,0.04319485,0.03537117,0.9608738
SHH_2M9,0.03250311,0.2949173,0.1512727,0.6509945,0.1808784,0.4135607,0.07483282,0.06347245,0.9322997,0.9638481,0.9603367,0.8459173,0.8796309,0.851762,0.8751434,0.8439671,0.808401,0.8143866,0.7253343,0.4160261,0.0239035,0.1341388,0.08300475,0.3816767,0.08724096,0.2048913,0.04782857,0.0528241,0.8897314,0.854046,0.8684367,0.8774521,0.9296914,0.9013497,0.8991359,0.5323973,0.9314155,0.7956257,0.9055492,0.1241551,0.08883163,0.08008751,0.03402271,0.03202666,0.0693052,0.03643261,0.02133981,0.9025257
SHH_2M16,0.02856979,0.1800794,0.1288383,0.2146348,0.2452348,0.09028357,0.1181597,0.2704956,0.9125077,0.8031774,0.9754626,0.6419174,0.8914288,0.69956,0.8093255,0.7703879,0.6158479,0.7857226,0.5547413,0.1849062,0.03931412,0.1798268,0.6461205,0.03152156,0.06647979,0.3995501,0.05656275,0.1064977,0.7692423,0.862247,0.917475,0.8954573,0.7847907,0.867975,0.9386862,0.6197487,0.8931535,0.87859,0.694196,0.09748285,0.1090726,0.1086744,0.01536352,0.03640617,0.06685729,0.02226356,0.02889963,0.9489071
SHH_2M20,0.02958794,0.1752869,0.1823143,0.3996763,0.1584666,0.1693875,0.09971116,0.2521275,0.9114254,0.9514956,0.9706333,0.8736861,0.9413294,0.8425816,0.5979087,0.8394512,0.5614797,0.8077121,0.2081664,0.2271823,0.04547549,0.1223349,0.1085526,0.04764872,0.09478687,0.04695843,0.05643727,0.08725671,0.8399945,0.8475096,0.9203057,0.8766727,0.9236397,0.9048373,0.9153553,0.8275316,0.8668097,0.8768407,0.5838877,0.1252364,0.1186475,0.1100387,0.02502477,0.02508144,0.1958121,0.03105943,0.01584465,0.9309071
SHH_2M21,0.02919415,0.1675894,0.1645974,0.3195297,0.1501752,0.1371937,0.07731897,0.0952858,0.8847509,0.9090447,0.9722881,0.7693787,0.8783423,0.727439,0.8714591,0.8685816,0.5810699,0.6592323,0.5527422,0.222053,0.04665994,0.1406017,0.09262069,0.0625789,0.1204475,0.1694098,0.04902681,0.08558323,0.8508607,0.7680338,0.8953626,0.8593051,0.8192731,0.8863676,0.8794523,0.5897331,0.9107815,0.7882786,0.8916083,0.1540931,0.1110879,0.1020999,0.0343277,0.02737747,0.04521705,0.02795904,0.1163678,0.9481848
SHH_4M21,0.04881124,0.1947577,0.1280649,0.2597247,0.1509416,0.1050764,0.1655635,0.4705723,0.9084103,0.9260106,0.9675029,0.8843772,0.9044648,0.603227,0.8850539,0.9096118,0.6868375,0.841684,0.1108041,0.1212635,0.04329892,0.1044094,0.1474005,0.02400968,0.08017473,0.05880575,0.0506953,0.09508669,0.8966078,0.8464183,0.9170123,0.8988248,0.8653427,0.90542,0.9147851,0.2606291,0.9469742,0.9096045,0.8714488,0.09930687,0.1133467,0.09054039,0.02444465,0.02689671,0.1023992,0.02768266,0.02754909,0.9316818
SHH_1M5,0.5601119,0.3459241,0.3049951,0.4078892,0.2072321,0.210893,0.2153722,0.1611121,0.881852,0.5719759,0.9555497,0.815881,0.8829808,0.8177946,0.7725657,0.2882861,0.5717832,0.5556569,0.4230615,0.1920216,0.07392678,0.2269114,0.1820328,0.1156623,0.2060688,0.04801129,0.07674892,0.1487176,0.8389192,0.8426638,0.8617181,0.832509,0.8973347,0.8917966,0.9307175,0.830669,0.7659814,0.8572735,0.8595499,0.161837,0.1430039,0.2174275,0.05635155,0.01734191,0.09138457,0.04025078,0.03807236,0.8657029
SHH_5M17,0.1082086,0.1776589,0.1607588,0.1651441,0.1419473,0.1391473,0.2167248,0.09929164,0.8536088,0.4008767,0.9489763,0.7607153,0.8778217,0.7091103,0.6356105,0.6729641,0.4265842,0.4035368,0.449362,0.1130457,0.08110754,0.1516418,0.1606984,0.0606616,0.1228794,0.04004961,0.06739409,0.1238177,0.8364643,0.8323088,0.8683165,0.8355154,0.8785502,0.8655534,0.9384573,0.8365349,0.855601,0.8646095,0.5775285,0.119599,0.09353614,0.1158769,0.05229345,0.02060916,0.07425652,0.02411481,0.02733401,0.9448804
SHH_5M6,0.237824,0.1138172,0.1257681,0.3197152,0.128985,0.1770445,0.1420841,0.2036331,0.9063326,0.6398745,0.9554918,0.669998,0.8898979,0.7450392,0.8516527,0.7392619,0.4771704,0.7491685,0.2996703,0.1414434,0.07064018,0.1214872,0.1512415,0.05462315,0.09377997,0.04044527,0.04847203,0.09159418,0.8072589,0.8486648,0.8949608,0.8483601,0.7866297,0.8909385,0.9182352,0.8510107,0.8712209,0.8736356,0.8879153,0.08378436,0.134347,0.107402,0.03839477,0.02652916,0.2115828,0.03967125,0.0252272,0.9608672
SHH_LFS_MB1,0.2987111,0.5829409,0.1274514,0.397599,0.2623753,0.1073674,0.08779372,0.198925,0.925519,0.8647369,0.9649176,0.7058155,0.8991398,0.6161594,0.8691789,0.8797432,0.7451205,0.7982179,0.6521718,0.2362097,0.05751481,0.2346696,0.655666,0.3267048,0.09666804,0.138007,0.05930139,0.08349117,0.863066,0.8508287,0.908437,0.8540117,0.8281802,0.8993047,0.9360651,0.3453647,0.904497,0.8800955,0.9097267,0.09662756,0.1162347,0.06481303,0.04227038,0.032568,0.07044337,0.03873086,0.02204151,0.9610978
SHH_LFS_MB4,0.3150034,0.5020773,0.2094454,0.2275591,0.2018846,0.1025354,0.2085209,0.1514273,0.9035474,0.6918514,0.9458178,0.6952819,0.8181488,0.7366183,0.7719783,0.857821,0.6262248,0.8235388,0.5506914,0.365569,0.06666392,0.3896733,0.735388,0.09746522,0.1155678,0.3460176,0.1524653,0.2507631,0.8609677,0.8370867,0.8854182,0.8625753,0.8019986,0.8587475,0.8803341,0.7913033,0.7988938,0.8424733,0.8508409,0.09036075,0.1001622,0.1545768,0.03727625,0.271975,0.1494544,0.07175098,0.02610044,0.9566879
Group3_ICGC_MB5,0.6957114,0.883334,0.4401871,0.5839427,0.7215461,0.6162045,0.4195566,0.4510013,0.7209213,0.4918804,0.9460238,0.5826136,0.8527461,0.4253386,0.4927954,0.3391958,0.3565906,0.4731925,0.6364329,0.7874759,0.6244912,0.5313368,0.8132494,0.2297424,0.615386,0.5228693,0.2692072,0.6501685,0.442068,0.4584648,0.3346799,0.5156243,0.5965618,0.3776497,0.400492,0.3226244,0.01905495,0.1036221,0.08741982,0.8908624,0.8957041,0.9811444,0.01850891,0.01633422,0.07684938,0.04012569,0.04664844,0.9365571
Group3_ICGC_MB9,0.04770045,0.3296,0.5017917,0.1039571,0.2193211,0.3159987,0.1455379,0.3001793,0.9018046,0.8044878,0.911676,0.6718595,0.8610079,0.6663237,0.8491091,0.6146489,0.3865437,0.6182055,0.9685967,0.8777396,0.9284927,0.8025808,0.886912,0.7764518,0.8680285,0.8057295,0.8611768,0.6488387,0.1214648,0.3061351,0.09064509,0.3872618,0.2256198,0.1249803,0.08852369,0.1041164,0.02382782,0.03471179,0.07088838,0.8818461,0.8539519,0.9772602,0.023423,0.01412683,0.1449369,0.02604712,0.02987758,0.939526
Group3_ICGC_MB16,0.07779483,0.1927877,0.2720023,0.1521394,0.344721,0.4566804,0.1002396,0.05323083,0.8493698,0.9554819,0.5243007,0.8056248,0.8706255,0.7253094,0.7021512,0.5971638,0.4813663,0.4129658,0.9666329,0.8907953,0.9128122,0.8272372,0.6146114,0.9245697,0.8288985,0.8414087,0.8590275,0.8542119,0.09886526,0.1502108,0.07290713,0.09594003,0.05727717,0.0523017,0.09781872,0.06765459,0.02378151,0.05528499,0.08086608,0.8940138,0.8642834,0.9720685,0.005724595,0.01535835,0.08724248,0.04408467,0.02906812,0.897095
Group3_ICGC_MB17,0.03817409,0.5640278,0.2144467,0.1219183,0.7304225,0.1233143,0.1788059,0.6514432,0.909371,0.9538009,0.9745853,0.9101726,0.9296715,0.6828377,0.7040982,0.5296564,0.8210444,0.7616492,0.9674727,0.4891363,0.8398923,0.7726974,0.9027221,0.9026222,0.8667013,0.8335618,0.8405197,0.8879598,0.7888651,0.8252565,0.3690233,0.1234673,0.5497959,0.1737277,0.7179132,0.3892108,0.02137289,0.4611047,0.08422323,0.9164852,0.5513955,0.9868071,0.01745265,0.01004859,0.07977375,0.04477143,0.03342724,0.9535779
Group3_ICGC_MB18,0.589721,0.2892032,0.7116086,0.05482638,0.6272132,0.3889597,0.1825994,0.09034974,0.8089992,0.5112761,0.9580132,0.368693,0.9349523,0.602505,0.1499087,0.4432624,0.2762441,0.3964584,0.7227304,0.5067314,0.5449623,0.3587081,0.3566034,0.4298196,0.1504149,0.5580526,0.8903909,0.2000669,0.7858874,0.1141413,0.5409518,0.0851674,0.1593582,0.4610107,0.07153914,0.06778387,0.023462,0.03953417,0.08071472,0.8053501,0.8752425,0.9454525,0.02837489,0.03334365,0.05497928,0.02772042,0.02467328,0.9330723
Group3_ICGC_MB36,0.02917088,0.4682428,0.4979278,0.09183297,0.1434077,0.3458156,0.1031195,0.05853734,0.8989356,0.9625345,0.9678223,0.9037455,0.8340022,0.7775205,0.9030355,0.9051105,0.7555414,0.4871129,0.9823864,0.9126661,0.966801,0.8517117,0.773785,0.8706986,0.8306413,0.8064539,0.7358572,0.801425,0.05474672,0.1204822,0.522638,0.127268,0.1728176,0.2582544,0.1020367,0.04655632,0.02157235,0.07802627,0.05676739,0.8674087,0.7906975,0.9740818,0.01519558,0.02642353,0.5517739,0.04161398,0.0271941,0.9462053
Group3_ICGC_MB39,0.03566377,0.6612033,0.6164641,0.2176979,0.4939621,0.474475,0.1675094,0.5676754,0.901947,0.7846318,0.963441,0.8135549,0.8545155,0.7923818,0.4915846,0.7761159,0.3999833,0.2744046,0.9511169,0.8419772,0.9090133,0.8071874,0.9103807,0.7339821,0.7807854,0.6086279,0.1683399,0.6537976,0.7356574,0.3817932,0.2823251,0.5404605,0.5088047,0.22204,0.2097343,0.35705,0.02518648,0.08173386,0.06136478,0.8763669,0.9046277,0.9685283,0.02524159,0.01228371,0.05417375,0.01905338,0.01695139,0.9339008
Group3_ICGC_MB45,0.0434978,0.3506559,0.230822,0.2253869,0.6197487,0.5003653,0.07295992,0.03375422,0.8999836,0.9099406,0.9575261,0.8713082,0.9100693,0.8619078,0.8984308,0.6501656,0.5685422,0.4630817,0.8766435,0.9171061,0.9393365,0.8765625,0.7887646,0.9061253,0.8695551,0.8436698,0.8998201,0.9296318,0.07553302,0.2347342,0.07224698,0.2669062,0.09352263,0.1315838,0.09688193,0.07831664,0.02187374,0.05623287,0.07096694,0.8937494,0.9140279,0.9832216,0.02687045,0.02050384,0.07936237,0.02581715,0.02553367,0.9400479
Group3_ICGC_MB50,0.03768483,0.4395873,0.5333495,0.09409103,0.3707009,0.6155434,0.2025802,0.4560055,0.7564206,0.7127453,0.9615007,0.4443903,0.9016736,0.6980707,0.7159321,0.7220655,0.6458572,0.649981,0.8466858,0.5627981,0.9288346,0.4604455,0.7052723,0.4861045,0.8198714,0.6332429,0.8833913,0.2192877,0.1678701,0.1248401,0.3218632,0.09978698,0.4454518,0.3629152,0.1152594,0.0787532,0.02981742,0.04201802,0.06957028,0.4610108,0.8895854,0.9523245,0.02097628,0.02358845,0.5867457,0.02397188,0.02130741,0.9331852
Group3_ICGC_MB89,0.5019417,0.6212288,0.6420084,0.4388228,0.3571042,0.4216156,0.3702523,0.3885331,0.8117149,0.6696218,0.8815464,0.4439127,0.5821795,0.351326,0.6458385,0.4309867,0.4935338,0.3739785,0.878001,0.6721076,0.5920974,0.7602384,0.5630135,0.6079652,0.3645904,0.597281,0.384857,0.2426692,0.2450157,0.4419101,0.2302456,0.297639,0.1862628,0.308124,0.3279691,0.155762,0.03255229,0.1277662,0.0749203,0.8835027,0.8849964,0.9714088,0.02033652,0.01937369,0.07805732,0.02715117,0.01257856,0.9636206
Group3_ICGC_MB90,0.2224712,0.5790053,0.1922343,0.29342,0.389147,0.4774729,0.1607089,0.2654736,0.7926291,0.9548438,0.9640214,0.7966042,0.8729765,0.6634542,0.9038538,0.694127,0.4520229,0.5279896,0.9449452,0.6982781,0.9394446,0.8011954,0.8872849,0.8989146,0.8213228,0.6526598,0.9147264,0.8963119,0.1966683,0.2764796,0.1058429,0.3829011,0.3785655,0.2422187,0.1059004,0.0868169,0.03462965,0.06647076,0.08378101,0.9206569,0.8921793,0.9794759,0.01737184,0.01627228,0.03491471,0.01783198,0.01445179,0.9582057
Group3_ICGC_MB95,0.06072595,0.5470448,0.3282337,0.1956265,0.2795075,0.2654127,0.1715588,0.5287573,0.9159753,0.8390126,0.9740382,0.8282416,0.8687162,0.7432142,0.8888774,0.6868912,0.5531428,0.49457,0.8417278,0.8059092,0.8004646,0.7698113,0.6659906,0.6018854,0.7430966,0.6501156,0.6146934,0.6285725,0.5198356,0.3387236,0.4670566,0.4508851,0.3102324,0.2584917,0.2757463,0.2828894,0.02696352,0.1110055,0.08300122,0.9142668,0.8469184,0.9742723,0.03289364,0.006101578,0.0714938,0.02876534,0.02443753,0.9590658
Group3_ICGC_MB96,0.0518332,0.1116124,0.221248,0.08205735,0.4632566,0.4830022,0.1371445,0.05763299,0.8466763,0.9593174,0.9305127,0.7101806,0.9012149,0.608824,0.7023999,0.2661264,0.2338254,0.3918482,0.9201092,0.8832608,0.9192392,0.8346612,0.7990358,0.9266523,0.8246471,0.8638347,0.9010887,0.8624036,0.1675738,0.09874146,0.0655805,0.1121349,0.06911997,0.05939363,0.09471814,0.08128761,0.03141403,0.06526252,0.08644183,0.9138254,0.9121076,0.9734604,0.01610467,0.01442336,0.0477484,0.04069469,0.01492994,0.9561208
Group3_ICGC_MB98,0.8519924,0.8387888,0.65093,0.6694779,0.582018,0.605427,0.6420237,0.6410176,0.7195319,0.9478539,0.8169401,0.7884715,0.491311,0.2546667,0.3677477,0.5309938,0.3175991,0.5130686,0.923912,0.7477906,0.609412,0.764639,0.6869642,0.8665211,0.7542168,0.6658413,0.8767485,0.3063275,0.6570256,0.6550476,0.4054379,0.5175447,0.3394883,0.2533774,0.1849377,0.6091352,0.07327665,0.08382248,0.07707452,0.8916051,0.8981929,0.9729037,0.02517214,0.03042431,0.05085698,0.03086205,0.09932737,0.9396574
Group3_ICGC_MB106,0.04321194,0.5019302,0.7144268,0.1917924,0.367091,0.4769682,0.09097512,0.3376969,0.8927839,0.7368166,0.9692684,0.6382859,0.9197027,0.4360801,0.8733878,0.5338845,0.5366073,0.6482167,0.9730706,0.813786,0.927311,0.8135309,0.781058,0.8948544,0.7293546,0.8016459,0.8864005,0.3948022,0.07735022,0.1327294,0.5167493,0.139362,0.09368701,0.2169171,0.1628136,0.07332891,0.01325516,0.04019101,0.0763604,0.8966546,0.9059756,0.9769428,0.01694677,0.01172007,0.07016077,0.03719814,0.01468027,0.940083
Group3_ICGC_MB111,0.1316471,0.6306275,0.4242037,0.2520275,0.2731087,0.2054906,0.1677913,0.5060009,0.918326,0.9186072,0.9611546,0.5320569,0.8833942,0.4740402,0.7561878,0.8114544,0.4260754,0.4080249,0.9495898,0.8407403,0.6889582,0.7723287,0.9055063,0.9263142,0.7349439,0.5837598,0.8278068,0.4759739,0.2573055,0.6644965,0.2716848,0.3291613,0.2189807,0.188328,0.124454,0.1547047,0.02034298,0.04242163,0.09418368,0.8244056,0.9017927,0.9722794,0.02692408,0.003518386,0.08495279,0.02514652,0.02290027,0.8713545
Group3_ICGC_MB131,0.04379616,0.6095556,0.3482644,0.2508473,0.1876027,0.4864756,0.3816943,0.2213808,0.9176813,0.9580272,0.9626882,0.7483287,0.7829812,0.5941783,0.8308326,0.8894778,0.8533967,0.6114982,0.9564124,0.9082913,0.722531,0.8165773,0.7250655,0.9223705,0.6721788,0.751086,0.8197073,0.7397586,0.1266441,0.1225041,0.6058458,0.105483,0.07548981,0.1926967,0.2606707,0.06707395,0.03468732,0.06933424,0.07533315,0.8868057,0.9216605,0.9675679,0.03294598,0.0247654,0.06701518,0.05818083,0.08799177,0.9653523
Group3_ICGC_MB134,0.4582661,0.8541051,0.7449903,0.6058415,0.6484637,0.4280291,0.7021036,0.1581907,0.6230297,0.5046658,0.9584497,0.7635375,0.749472,0.2365015,0.7488664,0.270558,0.5859755,0.2635529,0.7681374,0.82286,0.2749196,0.7335525,0.6026222,0.3479089,0.6024677,0.3921764,0.8082764,0.172234,0.8023176,0.6152669,0.6531033,0.7632774,0.6366467,0.6028078,0.5096406,0.342626,0.04563556,0.04251191,0.07319517,0.9287646,0.8935162,0.9919127,0.02020639,0.01626824,0.08970223,0.03283394,0.02017353,0.9398872
Group3_ICGC_MB139,0.05017486,0.1497764,0.2299689,0.5189087,0.6066905,0.484117,0.1564755,0.06366003,0.8675287,0.9729183,0.8899244,0.8472996,0.7651536,0.7164187,0.8912979,0.3177394,0.291679,0.4464569,0.9750532,0.8911319,0.9299967,0.8218353,0.8130022,0.9440582,0.7502378,0.740622,0.8088437,0.8300074,0.06811156,0.09921381,0.08229908,0.15371,0.05873729,0.08765235,0.0689845,0.05497305,0.02582759,0.04443989,0.1011719,0.9194263,0.8604396,0.9869868,0.03108895,0.009832888,0.1199017,0.03318095,0.03535545,0.9680333
Group3_ICGC_MB141,0.621627,0.8568525,0.7571782,0.7770585,0.725758,0.6977255,0.6376139,0.680853,0.6937866,0.8986866,0.9620727,0.2887623,0.8668951,0.5905654,0.5763015,0.5775969,0.7009997,0.1256857,0.5437695,0.5920372,0.4958549,0.4574996,0.943698,0.2588888,0.3382468,0.486027,0.2058282,0.464451,0.7930329,0.8185082,0.7716489,0.5520743,0.5461987,0.6063616,0.2543714,0.3401761,0.06126546,0.04341451,0.07587392,0.9138916,0.9243877,0.9826384,0.01556262,0.01382836,0.09508414,0.1379065,0.0527279,0.9596723
Group3_1M3,0.04624362,0.6097256,0.419042,0.3119788,0.220353,0.1859199,0.09242535,0.4067886,0.8018177,0.6225612,0.9640918,0.5739591,0.8416477,0.3782835,0.8438333,0.8242496,0.6438676,0.5448303,0.9394312,0.451444,0.8863545,0.6195989,0.8885972,0.6441739,0.5284121,0.436098,0.2873372,0.2218951,0.4379275,0.235114,0.7766394,0.2815018,0.09230964,0.2493161,0.1863463,0.1169093,0.02400877,0.06178274,0.07302317,0.8733103,0.9223344,0.9770128,0.02119919,0.005765553,0.09256778,0.009179363,0.02980813,0.9553899
Group3_1M10,0.5171747,0.8417942,0.5032241,0.6185288,0.6712968,0.5993543,0.4390373,0.4457039,0.5707722,0.3790559,0.942472,0.2944694,0.4363221,0.2338232,0.4457767,0.4406769,0.3780087,0.2051371,0.8526036,0.851135,0.09983226,0.7927878,0.8698695,0.1794572,0.1508723,0.5245149,0.07724732,0.1317667,0.7117568,0.2738762,0.7341574,0.4339375,0.5447234,0.3518652,0.80034,0.09736619,0.1648053,0.08824815,0.07887103,0.9041128,0.8680525,0.9599078,0.03184617,0.02479879,0.05602188,0.04518855,0.0428609,0.9345497
Group3_1M19,0.7539532,0.5550731,0.473047,0.3282956,0.5990122,0.3867996,0.2892546,0.07883927,0.8877658,0.5859983,0.9462938,0.5636548,0.8819638,0.5982465,0.823007,0.8690102,0.5316378,0.412087,0.8439817,0.6628385,0.9242293,0.5999867,0.7210919,0.74522805,0.8008862,0.7623938,0.4587849,0.6274998,0.4837557,0.4965821,0.3055768,0.6137127,0.6920238,0.3126136,0.1223646,0.2042226,0.02301178,0.09716942,0.06390332,0.893843,0.8377549,0.9724556,0.01933567,0.01102884,0.06815054,0.05985747,0.02982273,0.9514052
Group3_1M20,0.09954281,0.3837363,0.3665175,0.1919364,0.2760698,0.2785895,0.2537877,0.1403519,0.8927037,0.9546909,0.9716403,0.7662674,0.9073925,0.6262366,0.75984,0.7748456,0.7044835,0.474193,0.9418816,0.9173559,0.7527725,0.8101543,0.8232424,0.8490177,0.7244143,0.633239,0.7071662,0.8079398,0.218153,0.2640205,0.4020662,0.2045691,0.1910185,0.2538635,0.2601777,0.1721442,0.02172676,0.110601,0.07217541,0.908336,0.8632015,0.9804217,0.03064447,0.01687497,0.04842865,0.04157581,0.05068292,0.9381027
Group3_1M21,0.05928448,0.07878369,0.8279586,0.08866183,0.3067043,0.235059,0.1493398,0.1252528,0.6688692,0.9542907,0.5532899,0.5067003,0.9026381,0.6368927,0.5372602,0.4612332,0.585729,0.5335345,0.9841937,0.6356509,0.9380305,0.7103687,0.4158319,0.8874328,0.7521962,0.4459636,0.8891676,0.1500424,0.08448324,0.1027626,0.2314347,0.09300669,0.05685141,0.1814876,0.1010896,0.05831014,0.0208231,0.04837307,0.07826731,0.8997134,0.8927433,0.9816708,0.02269188,0.02094928,0.1008881,0.02825409,0.04921944,0.9570652
Group3_1M28,0.05466648,0.4254413,0.4932524,0.493553,0.5169196,0.4289726,0.3722393,0.3020084,0.8300267,0.6277555,0.9592359,0.733564,0.7079672,0.4243816,0.5466584,0.5418624,0.5593818,0.5249669,0.7553648,0.52019,0.339296,0.6161202,0.6462689,0.3673949,0.2398868,0.347635,0.2157653,0.3303088,0.5660538,0.5350114,0.7246385,0.6855199,0.6061769,0.5759127,0.6038905,0.4363899,0.1289242,0.3128502,0.07743673,0.9164076,0.6281701,0.9667804,0.04901394,0.01560515,0.07635303,0.03974837,0.02117713,0.9329478
Group3_1M32,0.0632126,0.5610543,0.7592219,0.6423723,0.5506406,0.674142,0.3777337,0.5106576,0.8630549,0.9125534,0.8045362,0.807516,0.3072505,0.4553461,0.6405037,0.5368022,0.7343432,0.4578659,0.9709611,0.8932373,0.6662096,0.8326779,0.7610773,0.9245496,0.7831069,0.7087849,0.572183,0.4661136,0.4255834,0.4150671,0.1102716,0.4147481,0.3287131,0.1759174,0.1136599,0.2994588,0.02564135,0.06246503,0.07738571,0.911273,0.8990415,0.9776136,0.03030731,0.01394285,0.1088901,0.01623874,0.02008676,0.9829582
Group3_2M14,0.1090131,0.7893786,0.167019,0.6630198,0.680967,0.6413682,0.3570107,0.5901334,0.8822211,0.9452327,0.9556869,0.6123292,0.9173031,0.7414808,0.838945,0.8201205,0.7753111,0.5285453,0.7334396,0.8765172,0.8811272,0.8257492,0.7660807,0.9090482,0.8848949,0.7881415,0.8423365,0.893458,0.4556209,0.8043018,0.2925302,0.3850618,0.139896,0.3727361,0.1619467,0.1028339,0.02555352,0.1102172,0.09660237,0.9114919,0.9169874,0.9677874,0.03967156,0.02919276,0.08823057,0.05298883,0.0416024,0.9342126
Group3_2M7,0.07507895,0.6682177,0.4069154,0.3626745,0.2155564,0.6081952,0.1778729,0.6630462,0.8711038,0.8725662,0.9084519,0.8410544,0.8829733,0.7917823,0.7235621,0.8629383,0.6531626,0.5064384,0.8841166,0.8656486,0.9123578,0.8278658,0.131845,0.9189589,0.8351119,0.7931601,0.07257172,0.7488326,0.3889151,0.8532597,0.2188786,0.5670385,0.4032742,0.3253139,0.201065,0.2475582,0.02703916,0.06184072,0.08613078,0.865901,0.9096357,0.9859678,0.03085624,0.02589724,0.1298328,0.09446588,0.07086734,0.9416621
Group3_4M58,0.03546052,0.190467,0.2577512,0.1032443,0.1205067,0.4334881,0.4178552,0.04541278,0.8839324,0.9313931,0.9305305,0.7811533,0.9308482,0.4488777,0.7914802,0.3780625,0.6716101,0.6698892,0.948521,0.9286922,0.8980849,0.7973715,0.7631326,0.9128613,0.3778072,0.6364455,0.7910564,0.4919942,0.167995,0.1432545,0.1477854,0.1327708,0.1364772,0.1122717,0.1236072,0.0963451,0.01937956,0.08053,0.06857732,0.8812833,0.894946,0.9890712,0.03171394,0.003142053,0.0630543,0.01068663,0.03296193,0.9439073
Group4_ICGC_MB2,0.8477331,0.8641168,0.7935296,0.8397081,0.7843271,0.8215542,0.7674072,0.5985967,0.6181602,0.3112442,0.1736189,0.2018507,0.2079246,0.198274,0.1727588,0.184517,0.2026916,0.1373339,0.3083781,0.2491558,0.04746619,0.202696,0.1314372,0.05572144,0.1749428,0.06217699,0.0530947,0.1274145,0.8634629,0.8216023,0.8603226,0.669104,0.6812783,0.4414786,0.7374104,0.7022889,0.02662568,0.08116376,0.08503959,0.8885635,0.8997371,0.9674014,0.02599628,0.01375074,0.1272428,0.02424558,0.02941555,0.9494973
Group4_ICGC_MB6,0.9247081,0.9104009,0.8322708,0.7857223,0.8350235,0.7477164,0.7686411,0.6724701,0.6528372,0.2517506,0.7334959,0.3332259,0.2049663,0.1626316,0.1271449,0.1403718,0.166899,0.1451127,0.264063,0.5587903,0.04605981,0.2851944,0.2233498,0.03786444,0.1703227,0.2395292,0.05534568,0.1145342,0.8705222,0.8370245,0.8631411,0.8479303,0.9380111,0.5970386,0.8976767,0.8351908,0.02595769,0.08737217,0.07463636,0.8702741,0.7177965,0.9678905,0.04133289,0.02441628,0.06327046,0.08041084,0.03936221,0.9419358
Group4_ICGC_MB7,0.901332,0.9025441,0.891012,0.8095522,0.7341763,0.8288713,0.8072966,0.774571,0.2804224,0.2212703,0.07367157,0.1339154,0.1785692,0.1605475,0.1172217,0.08219852,0.1303877,0.09108019,0.2147691,0.1507136,0.05412161,0.1215013,0.0756541,0.03501647,0.07531821,0.03583296,0.05998897,0.09910496,0.883256,0.8477309,0.8089612,0.8273095,0.8499318,0.8405176,0.8516836,0.7473787,0.02222453,0.05386337,0.0666042,0.8587466,0.9123613,0.977074,0.01919186,0.0193833,0.09121052,0.01921964,0.02770861,0.9305396
Group4_ICGC_MB8,0.8739942,0.8632182,0.8587714,0.8486683,0.7817044,0.8979819,0.7807888,0.7705485,0.3629085,0.179377,0.05628122,0.1523837,0.1194415,0.1395381,0.09623427,0.07773657,0.08406141,0.06197419,0.1823006,0.2080898,0.04376981,0.1095748,0.04449639,0.02327317,0.1013193,0.04286519,0.04866173,0.06817617,0.8459908,0.8344329,0.8880377,0.7068844,0.93143,0.6732816,0.5951876,0.7111194,0.01420237,0.06955213,0.06925707,0.8782551,0.9089411,0.9670923,0.01482473,0.01795999,0.04931166,0.009230855,0.01574815,0.9601415
Group4_ICGC_MB15,0.9404583,0.8972143,0.8764482,0.8845878,0.8506187,0.8746692,0.8886383,0.7428313,0.2845336,0.1824021,0.090991,0.1947537,0.2017354,0.1749006,0.1191554,0.0758649,0.127855,0.09755463,0.2553763,0.1816383,0.06505738,0.1162257,0.04136676,0.0291689,0.1217449,0.04376394,0.05775741,0.09602962,0.8911878,0.8521597,0.8781137,0.6557496,0.9356424,0.8858588,0.8548431,0.639221,0.04515282,0.09313642,0.06534891,0.8967807,0.8801098,0.9706746,0.03097987,0.02830829,0.1399037,0.07407439,0.01908693,0.9439748
Group4_ICGC_MB19,0.9670848,0.891232,0.8283105,0.7891175,0.8655528,0.8703842,0.8441238,0.7195317,0.7471642,0.2106606,0.1311704,0.4304732,0.4866927,0.234293,0.164888,0.4792531,0.07368501,0.07333979,0.4886557,0.1664836,0.09906738,0.7346063,0.13851,0.03336423,0.3513447,0.05455614,0.0608837,0.08786009,0.8624802,0.8314459,0.8900434,0.7618565,0.6645139,0.759335,0.9304305,0.8279727,0.0213065,0.0719773,0.08393098,0.9131538,0.9114608,0.9691918,0.0152886,0.0165495,0.06751716,0.01037822,0.01738816,0.936051
Group4_ICGC_MB24,0.9092675,0.9111152,0.8981875,0.8485455,0.9184102,0.8619894,0.8350513,0.7340046,0.2779961,0.2226573,0.1060279,0.1848198,0.1968316,0.1679521,0.1475908,0.09252493,0.1383635,0.1039145,0.2918443,0.08233029,0.04170379,0.1354205,0.06768728,0.03978038,0.08613879,0.04526264,0.08880141,0.09151066,0.8884912,0.8710251,0.8413621,0.9011971,0.9248146,0.8841463,0.9192899,0.497797,0.03701579,0.05696025,0.07417284,0.8874354,0.8855847,0.9779258,0.02846467,0.02388542,0.0741837,0.0296435,0.02484758,0.9227378
Group4_ICGC_MB26,0.9676273,0.906729,0.6702908,0.8249193,0.8210347,0.7529895,0.7212613,0.7264196,0.3539926,0.2423517,0.0445412,0.1593433,0.7308866,0.1887997,0.1117144,0.08106778,0.1481917,0.1633963,0.7740291,0.1997419,0.1071268,0.245011,0.5297245,0.02657585,0.2024992,0.1370866,0.1955857,0.1113045,0.8494816,0.8712943,0.7493501,0.5969239,0.130353,0.6223724,0.53253,0.3987384,0.02295111,0.07061453,0.0618813,0.7143835,0.901857,0.9692163,0.01357089,0.01842919,0.04423926,0.0212472,0.02296136,0.9457949
Group4_ICGC_MB27,0.7319761,0.9169276,0.7175883,0.7646228,0.8261064,0.5826026,0.6742154,0.6007281,0.2029329,0.2792948,0.253168,0.1259897,0.340028,0.18624,0.107364,0.09490598,0.2342787,0.1664014,0.51242,0.3354641,0.07680232,0.1822477,0.5987537,0.03924027,0.1876599,0.255917,0.1432488,0.1334729,0.8603587,0.8395011,0.6984203,0.5487785,0.4522978,0.6017094,0.5716552,0.5973318,0.02479628,0.05822854,0.0914316,0.7149514,0.9258568,0.967286,0.02467106,0.0156023,0.06959641,0.0274757,0.03552225,0.9613591
Group4_ICGC_MB32,0.90287728,0.7940662,0.5455958,0.7486235,0.6808015,0.6559915,0.3164329,0.6345817,0.8622974,0.8332156,0.2785273,0.5218606,0.2962587,0.3687211,0.2868015,0.2737811,0.2372179,0.1985335,0.3952566,0.376974,0.04387682,0.325672,0.1808884,0.06523889,0.2868876,0.1570541,0.06685906,0.1503931,0.849432,0.508637,0.5292211,0.3549668,0.5126043,0.4191767,0.3446498,0.7843571,0.03666129,0.08649349,0.07553592,0.9094704,0.8582266,0.9774078,0.02378026,0.01512471,0.06154747,0.0280626,0.0231896,0.9436859
Group4_ICGC_MB38,0.9111478,0.9115953,0.8528106,0.7476137,0.8355138,0.7388784,0.7488679,0.729777,0.2969367,0.2541052,0.6428674,0.3190647,0.2771436,0.189767,0.3128786,0.3717644,0.1931919,0.1155588,0.476771,0.5078768,0.06857003,0.3120359,0.3799489,0.07853834,0.3519731,0.1108461,0.06746874,0.1168348,0.8765802,0.6780291,0.8069663,0.8814473,0.8792895,0.5568225,0.8416694,0.5001813,0.03694202,0.07535598,0.06314196,0.8798227,0.9034711,0.9682677,0.02691294,0.02335452,0.06453732,0.03644482,0.007300086,0.9449643
Group4_ICGC_MB40,0.8481446,0.9096574,0.8450474,0.6879089,0.7815145,0.7607851,0.7608442,0.7304912,0.2332007,0.2252903,0.5745712,0.2194457,0.1682977,0.1501722,0.3148146,0.2586505,0.1406519,0.1214556,0.2945444,0.1288844,0.04794948,0.2041539,0.1262089,0.03064397,0.1836777,0.04471815,0.2669724,0.1163173,0.7788501,0.8390524,0.6844415,0.8485972,0.9090163,0.5520388,0.7478991,0.6361813,0.02992724,0.06410387,0.06878104,0.8756263,0.8822336,0.9659015,0.02882001,0.0149993,0.07504936,0.0283332,0.01759091,0.9492808
Group4_ICGC_MB49,0.7580751,0.8805199,0.8735206,0.8394057,0.7517829,0.8567336,0.6680262,0.6830463,0.2474082,0.1810311,0.06198453,0.1583408,0.1159806,0.1238519,0.1233928,0.08689277,0.07611245,0.06948319,0.1599558,0.2521213,0.05777305,0.2376281,0.05661451,0.01873269,0.1130693,0.04115253,0.05506202,0.07310816,0.8058834,0.7855648,0.6636087,0.6766286,0.8328519,0.6473168,0.7453559,0.8471366,0.02383477,0.06760725,0.06360599,0.875973,0.8834984,0.986656,0.02070779,0.01897114,0.1683581,0.0428904,0.02144107,0.9449523
Group4_ICGC_MB51,0.9032947,0.9003119,0.8684834,0.7930828,0.8140249,0.7882912,0.7594734,0.6817549,0.2603923,0.2571217,0.209403,0.1790679,0.1520133,0.1811842,0.3122488,0.1234288,0.1372463,0.1220618,0.3960636,0.3000951,0.07063617,0.2083405,0.1305441,0.04093875,0.1584978,0.03873093,0.0602276,0.1391708,0.8532056,0.8528015,0.8418574,0.7337103,0.9032421,0.6281025,0.8972625,0.7069533,0.02554415,0.09622604,0.05471226,0.9037428,0.9227366,0.9772305,0.04419379,0.01171485,0.0664115,0.02371548,0.01966466,0.9311581
Group4_ICGC_MB64,0.8986002,0.9348002,0.867442,0.8277563,0.8724318,0.9010305,0.8711482,0.82494,0.3459847,0.2212097,0.2766224,0.169055,0.1878559,0.2350831,0.1736974,0.1283202,0.1741447,0.1262783,0.5371385,0.291931,0.08623391,0.1801097,0.1601822,0.06257039,0.1287024,0.1158997,0.09361263,0.1076673,0.8628724,0.8476912,0.8686159,0.8620636,0.9383898,0.8454533,0.880495,0.8462423,0.2062955,0.09330065,0.06957334,0.8552111,0.892284,0.968826,0.0316293,0.01848929,0.5730222,0.03637273,0.04022091,0.9467124
Group4_ICGC_MB65,0.92269,0.8506435,0.8256025,0.6797489,0.7370502,0.6684333,0.7381483,0.7590348,0.3158874,0.3888949,0.427098,0.3287941,0.1809284,0.2240962,0.2644807,0.1265583,0.1633691,0.1227143,0.3645885,0.106573,0.09154277,0.1804649,0.1641259,0.0603181,0.3475748,0.07368737,0.1724396,0.1106853,0.8432248,0.8659733,0.6689066,0.8569772,0.91273,0.5211371,0.8063704,0.8491654,0.03618302,0.07745266,0.0810118,0.8583171,0.9031977,0.9708505,0.02862651,0.02289215,0.1141786,0.02172856,0.02273334,0.9430097
Group4_ICGC_MB83,0.8996668,0.9007196,0.9040988,0.8408154,0.8756181,0.8825203,0.7467244,0.7492635,0.4341095,0.2715668,0.1914323,0.1738747,0.2067435,0.2337846,0.1581967,0.2648635,0.2096404,0.1487253,0.2164061,0.2285405,0.06741858,0.4074057,0.09376609,0.06627438,0.2400755,0.03509802,0.07924539,0.1502158,0.8563656,0.8603429,0.8919718,0.883604,0.9180006,0.907503,0.8761357,0.6386468,0.03202657,0.06485178,0.06879155,0.920606,0.9152917,0.9618635,0.02539105,0.01183757,0.1701517,0.03109981,0.01502995,0.9548358
Group4_ICGC_MB84,0.9365327,0.8882503,0.8724684,0.8242642,0.771361,0.7011133,0.7748661,0.6877918,0.5201911,0.2771612,0.5323591,0.2689457,0.2246442,0.2178894,0.255898,0.1850165,0.1644294,0.1251822,0.3741986,0.7001444,0.05151359,0.2841246,0.1268051,0.05768006,0.2123068,0.4697602,0.06685872,0.1415049,0.8176135,0.8507406,0.7863398,0.5709174,0.740751,0.4318401,0.8962086,0.6656311,0.02363187,0.08695503,0.07943644,0.8887786,0.9038536,0.97247,0.03261598,0.01157486,0.107888,0.05156197,0.02098194,0.928117
Group4_ICGC_MB85,0.9651746,0.9023857,0.8355579,0.6505727,0.760106,0.6720719,0.8342002,0.7586663,0.2157663,0.2813405,0.2620594,0.1400915,0.1782242,0.1298624,0.1206367,0.1300897,0.09932061,0.08026953,0.1959372,0.2897858,0.03556066,0.138773,0.426562,0.03459029,0.1863572,0.06753711,0.07521102,0.09217912,0.8658801,0.8539301,0.796327,0.6585454,0.5033624,0.6726542,0.6259727,0.7345324,0.02963705,0.07120174,0.08615268,0.8177911,0.9129745,0.9820542,0.01091833,0.02065542,0.04218778,0.02330901,0.009716654,0.9460185
Group4_ICGC_MB86,0.8990072,0.8964483,0.8578435,0.8323981,0.7305204,0.868711,0.7914008,0.7585429,0.2205479,0.2363877,0.421048,0.2367453,0.2135931,0.1763796,0.2448893,0.1114841,0.1313107,0.1077541,0.3068741,0.4070615,0.03626479,0.15857,0.278751,0.0460798,0.09262645,0.1471908,0.05954921,0.1435728,0.8692017,0.853177,0.8792686,0.7771837,0.896696,0.6045312,0.8983002,0.549398,0.06661645,0.08891408,0.07234234,0.8853651,0.8953791,0.9672592,0.02590317,0.01110138,0.04386681,0.02675832,0.02359215,0.9473885
Group4_ICGC_MB91,0.9156896,0.898299,0.8438933,0.8814317,0.8055499,0.8324376,0.7549059,0.7216255,0.4364818,0.3017212,0.1550717,0.3677969,0.169311,0.1951999,0.1591257,0.1617686,0.2053382,0.09964506,0.4150096,0.4606005,0.04340121,0.2427509,0.1215179,0.05170884,0.1065334,0.28974,0.07415807,0.1088978,0.879093,0.8722382,0.8607766,0.5399008,0.528596,0.6790621,0.9291287,0.7993803,0.02271602,0.08460019,0.07342827,0.8922334,0.9047361,0.9800298,0.01973763,0.01794708,0.05530213,0.01963506,0.01355293,0.9564249
Group4_ICGC_MB92,0.9386733,0.9015539,0.8665701,0.7854151,0.8431983,0.7593194,0.7508782,0.7448831,0.2996921,0.3996405,0.6588116,0.1620811,0.2102188,0.2167793,0.09876073,0.2417248,0.2326522,0.1085658,0.2888076,0.4694815,0.04347636,0.1433255,0.3198412,0.07141259,0.2225216,0.07466468,0.06068136,0.1117025,0.8627863,0.8547584,0.8160307,0.53697,0.3551385,0.6472008,0.3158267,0.6829567,0.02680795,0.07752183,0.0812434,0.8375614,0.9142199,0.9662885,0.02359169,0.02446872,0.04573397,0.0310827,0.01394972,0.9452192
Group4_ICGC_MB94,0.9610371,0.9193602,0.8789588,0.8699551,0.8431284,0.7955089,0.8986027,0.7903928,0.2498119,0.2006783,0.457615,0.3407008,0.08161671,0.1446766,0.1308076,0.1249671,0.08012014,0.08644164,0.1409613,0.5978735,0.06014902,0.4249659,0.6177595,0.1191269,0.06156967,0.1953862,0.05590869,0.06790958,0.9178593,0.8811199,0.9342372,0.8776031,0.957374,0.7252069,0.9144853,0.6039706,0.02601947,0.0140182,0.07195447,0.8888429,0.8990561,0.9678366,0.02201626,0.0099642,0.3433392,0.2322892,0.02377589,0.9550201
Group4_ICGC_MB99,0.5711613,0.8924705,0.8460925,0.7649194,0.7414196,0.8521995,0.5696051,0.6389357,0.4064011,0.1494286,0.04296347,0.1650513,0.1742379,0.1015589,0.06783824,0.07958348,0.07097304,0.0991694,0.05397057,0.1277358,0.05291956,0.118133,0.05010459,0.02822949,0.2661758,0.0226932,0.06796182,0.08053633,0.7117723,0.8480922,0.8701946,0.6129773,0.7865148,0.3382929,0.31511,0.551609,0.02520251,0.07604247,0.056272,0.8470347,0.897067,0.9695331,0.0172892,0.02306864,0.0494475,0.02449992,0.02339244,0.9342353
Group4_ICGC_MB108,0.9587171,0.8760585,0.795186,0.8249491,0.7395989,0.8342003,0.8279048,0.7209613,0.3983956,0.1836961,0.07335756,0.2859414,0.3388817,0.125311,0.1141574,0.2617313,0.1078684,0.06626268,0.256325,0.0971683,0.05558906,0.1902236,0.3708624,0.02501697,0.2116362,0.06875943,0.08482617,0.08622564,0.8787232,0.8512291,0.8188969,0.5990122,0.787056,0.7074967,0.8220463,0.8259676,0.02175402,0.05662091,0.05128156,0.8964726,0.9022474,0.9799653,0.0099557,0.005750764,0.05196423,0.0142339,0.01097066,0.948256
Group4_ICGC_MB110,0.9472111,0.8563343,0.814984,0.8119314,0.8344911,0.6908125,0.7382055,0.6587257,0.243752,0.1826284,0.1077269,0.2577073,0.0946508,0.1363403,0.3659914,0.1385035,0.2353237,0.07155799,0.2649424,0.3060206,0.05370183,0.328221,0.3938831,0.02482303,0.09165541,0.2712559,0.05159885,0.08371813,0.8712336,0.8319058,0.8789929,0.7905406,0.8651211,0.6165097,0.8807549,0.1799773,0.02167508,0.04600911,0.04682032,0.8813741,0.9241428,0.9728166,0.01975286,0.009098251,0.04823719,0.0335008,0.02466033,0.9611558
Group4_ICGC_MB114,0.9002335,0.9067116,0.7955209,0.8636632,0.7805559,0.809102,0.5087643,0.6912193,0.2822773,0.1917136,0.06709361,0.1207881,0.2104752,0.1643406,0.1395422,0.07824448,0.07723142,0.07164636,0.1959349,0.4161702,0.05772871,0.157375,0.1084156,0.01525969,0.1127888,0.05809226,0.05008598,0.09198876,0.8236827,0.8348466,0.7813263,0.7030478,0.9107365,0.4590172,0.4345418,0.7947754,0.01432507,0.03044703,0.06561919,0.8816054,0.9059904,0.9800481,0.01588262,0.004108082,0.2174736,0.01183507,0.01759358,0.94227
Group4_ICGC_MB115,0.9577572,0.9286155,0.8591685,0.841288,0.8204581,0.866315,0.8957418,0.804516,0.2213525,0.1753681,0.04367886,0.1225302,0.1108319,0.1333256,0.09663709,0.06046267,0.08390646,0.1236117,0.2156515,0.2531764,0.04272214,0.1099549,0.0360608,0.02018956,0.04683228,0.025035,0.05118429,0.09291096,0.8750392,0.8493045,0.8855437,0.8959069,0.9544843,0.8779107,0.932013,0.5588714,0.01836087,0.06819566,0.05379661,0.8823259,0.8949741,0.964503,0.02104099,0.008597295,0.05009944,0.01151798,0.02475018,0.952996
Group4_ICGC_MB118,0.8971941,0.88453,0.8573064,0.8251514,0.8638615,0.8414331,0.771396,0.7960215,0.4330884,0.4117598,0.4576715,0.2545593,0.5951857,0.3035597,0.1701607,0.20745,0.4906739,0.129455,0.4605798,0.2856446,0.1719865,0.2616861,0.5552216,0.05352714,0.1284498,0.06288444,0.1137619,0.1011345,0.8851519,0.8349183,0.8950831,0.537395,0.6321406,0.8719151,0.8695762,0.6189585,0.05922045,0.1174354,0.0819228,0.9093857,0.9224723,0.9743237,0.03547487,0.006876166,0.0582415,0.03117112,0.02837886,0.9426107
Group4_ICGC_MB119,0.9437618,0.9051607,0.7910454,0.7249277,0.7691893,0.840393,0.768609,0.7946311,0.3863193,0.2777948,0.2736771,0.2831857,0.3117343,0.1774989,0.1191829,0.1580617,0.219503,0.13664,0.4726986,0.1586137,0.1203589,0.3767635,0.372653,0.05833061,0.1989748,0.08378429,0.1335687,0.1168582,0.8358483,0.8598141,0.7712258,0.8431969,0.8310745,0.7362285,0.7008213,0.632937,0.02251814,0.06480607,0.07590988,0.9224727,0.9144209,0.9819912,0.01661067,0.003476313,0.07612775,0.0230719,0.01936533,0.9514915
Group4_ICGC_MB121,0.8902977,0.8903896,0.8611684,0.8551337,0.8420461,0.8832145,0.8310209,0.7832811,0.2134903,0.2257431,0.1048299,0.1755383,0.1248419,0.1564265,0.1372513,0.09950135,0.1409765,0.08792762,0.2807694,0.3181585,0.0658367,0.1124664,0.09650576,0.02189199,0.1034335,0.05569164,0.06467735,0.09953049,0.8671338,0.8549091,0.8689313,0.8149316,0.8846759,0.8246097,0.9186007,0.6022503,0.03141361,0.07528351,0.08843872,0.9214535,0.9604973,0.9856685,0.02794527,0.01446175,0.206642,0.02676036,0.02756697,0.952277
Group4_ICGC_MB129,0.9627668,0.9336435,0.7844451,0.7192825,0.8151457,0.7543761,0.749808,0.7599654,0.3605885,0.4390901,0.04328265,0.2835293,0.08715884,0.1206746,0.08671842,0.06633943,0.08840338,0.09733482,0.1702322,0.3739542,0.09047978,0.3311659,0.1587703,0.02690314,0.3062907,0.07353908,0.0597612,0.08180081,0.8550197,0.6750861,0.8107374,0.6181958,0.7866661,0.4611572,0.3539475,0.2579761,0.01457937,0.04610936,0.08200591,0.9004562,0.9292652,0.9698619,0.01709611,0.01298938,0.0761333,0.03565245,0.02457286,0.9581248
Group4_ICGC_MB133,0.9465361,0.9088457,0.8704057,0.8674563,0.7760031,0.8679348,0.9053864,0.8248447,0.2834464,0.2346741,0.1520426,0.2914385,0.2852667,0.1420525,0.1405118,0.1689822,0.09093162,0.07756398,0.313637,0.4094825,0.08672331,0.1332324,0.3334436,0.03364125,0.13239,0.08745106,0.0680176,0.1041721,0.8877732,0.8600428,0.8268646,0.5995908,0.9033716,0.7960023,0.8808215,0.858475,0.07261181,0.05052099,0.07920068,0.8770717,0.9011346,0.9746379,0.03203394,0.02639599,0.08720095,0.03269467,0.02936426,0.9380289
Group4_ICGC_MB138,0.903246,0.907459,0.8455608,0.7274638,0.8081636,0.7504053,0.6767719,0.7059166,0.2310598,0.3188157,0.764642,0.328563,0.1396006,0.2191386,0.4453982,0.1815945,0.1766763,0.2037064,0.4259173,0.6945666,0.1018787,0.5231744,0.29078786,0.09100454,0.204994,0.4440664,0.07293057,0.1204989,0.8681533,0.8264142,0.8888064,0.6707363,0.8991286,0.4997029,0.8412822,0.6698849,0.03864262,0.090253,0.0927026,0.9041976,0.92794,0.9821839,0.05551704,0.02146259,0.08759657,0.05226203,0.03297425,0.9424592
Group4_1M2,0.9378662,0.9021966,0.8058707,0.8056858,0.7267835,0.7232879,0.5443521,0.6471022,0.2732381,0.3073467,0.07653383,0.1662084,0.2232768,0.1789967,0.1047802,0.09842114,0.1426511,0.1008472,0.4643572,0.3413728,0.06665973,0.1973589,0.1295042,0.03351985,0.1637225,0.07838158,0.07044294,0.09443547,0.8269927,0.7668208,0.8125592,0.6318743,0.8944917,0.663953,0.7759121,0.3370877,0.02717431,0.06500918,0.07795583,0.7937136,0.9215038,0.9761479,0.03430825,0.0320484,0.08750503,0.02594955,0.01685922,0.9442979
Group4_1M24,0.9287159,0.8768274,0.7583032,0.7178109,0.6022123,0.714949,0.6447338,0.5716221,0.5216655,0.3488093,0.6039612,0.2211849,0.2503325,0.1970542,0.2594962,0.2153838,0.2160136,0.1420872,0.53741,0.2939865,0.07281623,0.409665,0.7388675,0.1356434,0.2099964,0.1491551,0.06400368,0.09176083,0.5687336,0.4384778,0.8431394,0.8675665,0.8601761,0.4462362,0.5883784,0.8169594,0.0310778,0.08258288,0.06104002,0.8333246,0.8359677,0.9650986,0.03694434,0.02269035,0.07579491,0.01998866,0.02812397,0.9401827
Group4_1M17,0.9493328,0.9160928,0.87409,0.8565792,0.8224239,0.7970552,0.8399643,0.765721,0.2009723,0.2284485,0.1330783,0.1127597,0.2284722,0.1482435,0.148648,0.08035062,0.1010454,0.08945482,0.3414736,0.1884025,0.07592241,0.1108262,0.09712019,0.03530886,0.0473733,0.04708083,0.06201184,0.07863797,0.8794971,0.8459399,0.8188855,0.8751469,0.9247676,0.8660352,0.9247933,0.8026593,0.03019646,0.06756182,0.08907851,0.8609576,0.8734706,0.9795779,0.02070236,0.02604259,0.09775518,0.04530724,0.0418479,0.9632077
Group4_1M25,0.9237725,0.911765,0.8250868,0.8721924,0.8085288,0.8564686,0.7056154,0.7538524,0.4289207,0.2711295,0.1318401,0.1601732,0.1569099,0.2332342,0.1716692,0.2789027,0.1726377,0.09854268,0.2624233,0.7020117,0.09190112,0.2666631,0.112101,0.04463544,0.1290387,0.1063158,0.06273894,0.09515061,0.8693575,0.8267882,0.8749853,0.8553836,0.6317553,0.7045065,0.8063014,0.8017516,0.03042176,0.08217853,0.09005772,0.895969,0.9071085,0.9840719,0.04287875,0.01862728,0.1170821,0.03643972,0.03470061,0.9360898